Column1,Column2,Column3
0,-0.707106781186547,-0.707106781186547
1,0.707106781186547,0.707106781186547
